<?xml version="1.0" encoding="UTF-8"?>

<pc:ParametersConfigurator
	xmlns:pc="http://www.czadzik.pl/parametersConfigurator" xmlns:xsi="http://www.w3.org/2001/XMLSchema-instance"
	xsi:schemaLocation="http://www.czadzik.pl/parametersConfigurator ../../parametersConfigurator.xsd">

	<pc:ParametersConfiguratorTitle>Condition Example Bool 3</pc:ParametersConfiguratorTitle>
	<pc:Sections>
		<pc:Section>
			<pc:Parameters>
				<pc:BooleanParameter maxNumberOfValues="5">
					<pc:Name>bool1</pc:Name>
				</pc:BooleanParameter>
				<pc:BooleanParameter maxNumberOfValues="5">
					<pc:Name>bool2</pc:Name>
				</pc:BooleanParameter>
			</pc:Parameters>
		</pc:Section>
		<pc:Section>
			<pc:Parameters>
				<pc:IntegerParameter maxNumberOfValues="10">
					<pc:Name>intEqualTrue</pc:Name>
				</pc:IntegerParameter>
			</pc:Parameters>
			<pc:VisibilityCondition>
					<pc:FirstParameterName>bool3</pc:FirstParameterName>
					<pc:Clause>==</pc:Clause>
					<pc:Value>true</pc:Value>
			</pc:VisibilityCondition>
		</pc:Section>
		<pc:Section>
			<pc:Parameters>
				<pc:IntegerParameter maxNumberOfValues="10">
					<pc:Name>intNotEqualTrue2</pc:Name>
				</pc:IntegerParameter>
			</pc:Parameters>
			<pc:VisibilityCondition>
					<pc:FirstParameterName>bool1</pc:FirstParameterName>
					<pc:Clause>!=</pc:Clause>
					<pc:Value>true</pc:Value>
			</pc:VisibilityCondition>
		</pc:Section>
		<pc:Section>
			<pc:Parameters>
				<pc:IntegerParameter maxNumberOfValues="10">
					<pc:Name>int_bool1EqualToBool2</pc:Name>
				</pc:IntegerParameter>
			</pc:Parameters>
			<pc:VisibilityCondition>
					<pc:FirstParameterName>bool1</pc:FirstParameterName>
					<pc:Clause>==</pc:Clause>
					<pc:SecondParameterName>bool2</pc:SecondParameterName>
			</pc:VisibilityCondition>
		</pc:Section>

	</pc:Sections>
</pc:ParametersConfigurator>