<?xml version="1.0" encoding="UTF-8"?>

<pc:ParametersConfigurator
	xmlns:pc="http://www.czadzik.pl/parametersConfigurator" xmlns:xsi="http://www.w3.org/2001/XMLSchema-instance"
	xsi:schemaLocation="http://www.czadzik.pl/parametersConfigurator ../../parametersConfigurator.xsd">

	<pc:ParametersConfiguratorTitle>Condition Example Enumeration 1</pc:ParametersConfiguratorTitle>
	<pc:Sections>
		<pc:Section>
			<pc:Parameters>
				<pc:EnumerationParameter maxNumberOfValues="1">
					<pc:Name>enum1</pc:Name>
					<pc:EnumerationList>
						<pc:Item>A</pc:Item>
						<pc:Item>B</pc:Item>
						<pc:Item>C</pc:Item>
					</pc:EnumerationList>
				</pc:EnumerationParameter>
			</pc:Parameters>
		</pc:Section>
		<pc:Section>
			<pc:Parameters>
				<pc:IntegerParameter>
					<pc:Name>enum1_Equalto_value_A</pc:Name>
				</pc:IntegerParameter>
			</pc:Parameters>
			<pc:VisibilityCondition>
					<pc:FirstParameterName>enum1</pc:FirstParameterName>
					<pc:Clause>==</pc:Clause>
					<pc:Value>A</pc:Value>
			</pc:VisibilityCondition>
		</pc:Section>
		<pc:Section>
			<pc:Parameters>
				<pc:IntegerParameter>
					<pc:Name>enum1_notEqualto_value_B</pc:Name>
				</pc:IntegerParameter>
			</pc:Parameters>
			<pc:VisibilityCondition>
					<pc:FirstParameterName>enum1</pc:FirstParameterName>
					<pc:Clause>!=</pc:Clause>
					<pc:Value>B</pc:Value>
			</pc:VisibilityCondition>
		</pc:Section>
		
	</pc:Sections>
</pc:ParametersConfigurator>