<?xml version="1.0" encoding="UTF-8"?>

<pc:ParametersConfigurator
	xmlns:pc="http://www.czadzik.pl/parametersConfigurator" xmlns:xsi="http://www.w3.org/2001/XMLSchema-instance"
	xsi:schemaLocation="http://www.czadzik.pl/parametersConfigurator ../../parametersConfigurator.xsd">

	<pc:ParametersConfiguratorTitle>Fifth example</pc:ParametersConfiguratorTitle>
	<pc:ParametersConfiguratorIntroduction>
Introduction
Lorem ipsum dolor sit amet, consectetur adipiscing elit, sed do eiusmod tempor incididunt ut labore et dolore magna aliqua. Ut enim ad miur. Excepteur sint occaecat cupidatat non proident, sunt in culpa qui officia deseru
</pc:ParametersConfiguratorIntroduction>
	<pc:Sections>
		<pc:Section>
			<pc:Parameters>
				<pc:TextParameter maxNumberOfValues="10">
					<pc:Name>textParameter</pc:Name>
					<pc:Label>Parametr tekstowy</pc:Label>
				</pc:TextParameter>
				<pc:IntegerParameter maxNumberOfValues="1">
					<pc:Name>insideInt2</pc:Name>
				</pc:IntegerParameter>
				</pc:Parameters>
		</pc:Section>
		<pc:Section>
			<pc:Parameters>
				<pc:IntegerParameter maxNumberOfValues="20">
					<pc:Name>warunkowy1</pc:Name>
				</pc:IntegerParameter>
				</pc:Parameters>
				<pc:VisibilityCondition>
					<pc:FirstParameterName>textParameter</pc:FirstParameterName>
					<pc:Clause>NotEmptyIntersection</pc:Clause>
					<pc:Set>
						<pc:Item>Krystian</pc:Item>
						<pc:Item>Paweł</pc:Item>
					</pc:Set>
				</pc:VisibilityCondition>
		</pc:Section>
		<pc:Section>
			<pc:Parameters>
				<pc:IntegerParameter maxNumberOfValues="10">
					<pc:Name>insideInt</pc:Name>
				</pc:IntegerParameter>
				<pc:FloatParameter maxNumberOfValues="10">
					<pc:Name>InsideIntFloatParameter</pc:Name>
				</pc:FloatParameter>
			</pc:Parameters>
		</pc:Section>
		<pc:Section>
			<pc:Parameters>
				<pc:IntegerParameter minNumberOfValues="30" maxNumberOfValues="50">
					<pc:Name>warunkowy2</pc:Name>
				</pc:IntegerParameter>
				</pc:Parameters>
				<pc:VisibilityCondition>
					<pc:FirstParameterName>textParameter</pc:FirstParameterName>
					<pc:Clause>EqualTo</pc:Clause>
					<pc:Value>Krystian</pc:Value>
				</pc:VisibilityCondition>
		</pc:Section>
		<pc:Section>
			<pc:Parameters>
				<pc:IntegerParameter maxNumberOfValues="10">
					<pc:Name>intNumber</pc:Name>
					<pc:Label>sss2</pc:Label>
					<pc:Description>Liczba całkowita z przedziału od 0 do 10.</pc:Description>
					<pc:MinValue>0</pc:MinValue>
					<pc:MaxValue>11</pc:MaxValue>
				</pc:IntegerParameter>
				<pc:FloatParameter maxNumberOfValues="5">
					<pc:Name>sss3</pc:Name>
					<pc:Label>Liczba zmiennoprzecinkowa</pc:Label>
					<pc:MinValue>0.5</pc:MinValue>
					<pc:MaxValue>10</pc:MaxValue>
				</pc:FloatParameter>
				<pc:BooleanParameter maxNumberOfValues="5">
					<pc:Name>sss4</pc:Name>
					<pc:Label>Parametr True/False</pc:Label>
					<pc:Description>To jest szczegółowy opis pola typu TAK/NIE</pc:Description>
				</pc:BooleanParameter>
			</pc:Parameters>
			<pc:VisibilityCondition>
				<pc:FirstParameterName>insideInt</pc:FirstParameterName>
				<pc:Clause>EqualTo</pc:Clause>
				<pc:Value>10</pc:Value>
			</pc:VisibilityCondition>
		</pc:Section>
	</pc:Sections>


	<pc:ParametersConfiguratorSummary>
Summary
Lorem ipsum dolor sit amet, consectetur adipiscing elit, sed do eiusmod tempor incididunt ut labore et dolore magna aliqua. Ut enim ad minim veniam, quis nostrud exercitation ullamco laboris nisi ut aliquip ex ea commodo
</pc:ParametersConfiguratorSummary>
</pc:ParametersConfigurator>