<?xml version="1.0" encoding="UTF-8"?>

<pc:ParametersConfigurator
	xmlns:pc="http://www.czadzik.pl/parametersConfigurator" xmlns:xsi="http://www.w3.org/2001/XMLSchema-instance"
	xsi:schemaLocation="http://www.czadzik.pl/parametersConfigurator ../parametersConfigurator.xsd">

	<pc:ParametersConfiguratorTitle>Date parameter example</pc:ParametersConfiguratorTitle>
	<pc:ParametersConfiguratorIntroduction>
Introduction
Lorem ipsum dolor sit amet, consectetur adipiscing elit, sed do eiusmod tempor incididunt ut labore et dolore magna aliqua. Ut enim ad miur. Excepteur sint occaecat cupidatat non proident, sunt in culpa qui officia deseru
</pc:ParametersConfiguratorIntroduction>
	<pc:Sections>
		<pc:Section>
			<pc:Parameters>
				<pc:DateParameter>
					<pc:Name>startDate</pc:Name>
					<pc:Label>Data początkowa</pc:Label>
					<pc:MinValue>2017-01-01</pc:MinValue>
					<pc:MaxValue>2017-12-31</pc:MaxValue>
				</pc:DateParameter>
				<pc:DateParameter>
					<pc:Name>endDate</pc:Name>
					<pc:Label>Data końcowa</pc:Label>
					<pc:MinValue>2017-01-01</pc:MinValue>
					<pc:MaxValue>2017-12-31</pc:MaxValue>
				</pc:DateParameter>
			</pc:Parameters>
		</pc:Section>
	</pc:Sections>
	<pc:CorrectnessConditions>
		<pc:Condition>
			<pc:FirstParameterName>startDate</pc:FirstParameterName>
			<pc:Clause>LessOrEqual</pc:Clause>
			<pc:SecondParameterName>endDate</pc:SecondParameterName>
		</pc:Condition>
	</pc:CorrectnessConditions>

	<pc:ParametersConfiguratorSummary>
Summary
Lorem ipsum dolor sit amet, consectetur adipiscing elit, sed do eiusmod tempor incididunt ut labore et dolore magna aliqua. Ut enim ad minim veniam, quis nostrud exercitation ullamco laboris nisi ut aliquip ex ea commodo
</pc:ParametersConfiguratorSummary>
</pc:ParametersConfigurator>