<?xml version="1.0" encoding="UTF-8"?>

<pc:ParametersConfigurator
	xmlns:pc="http://www.czadzik.pl/parametersConfigurator" xmlns:xsi="http://www.w3.org/2001/XMLSchema-instance"
	xsi:schemaLocation="http://www.czadzik.pl/parametersConfigurator ../parametersConfigurator.xsd">

	<pc:ParametersConfiguratorTitle>Enum example</pc:ParametersConfiguratorTitle>
	<pc:ParametersConfiguratorIntroduction>
Introduction
Lorem ipsum dolor sit amet, consectetur adipiscing elit, sed do eiusmod tempor incididunt ut labore et dolore magna aliqua. Ut enim ad miur. Excepteur sint occaecat cupidatat non proident, sunt in culpa qui officia deseru
</pc:ParametersConfiguratorIntroduction>
	<pc:Sections>
		<pc:Section>
			<pc:Parameters>
				<pc:EnumerationParameter optional="true" maxNumberOfValues="3">
					<pc:Name>enum1</pc:Name>
					<pc:EnumerationList>
						<pc:Item>ABC</pc:Item>
					</pc:EnumerationList>
				</pc:EnumerationParameter>
				<pc:EnumerationParameter optional="true" maxNumberOfValues="3">
					<pc:Name>enum2</pc:Name>
					<pc:EnumerationList>
						<pc:Item>ABC</pc:Item>
						<pc:Item>BCD</pc:Item>
					</pc:EnumerationList>
				</pc:EnumerationParameter>
				<pc:EnumerationParameter optional="true" maxNumberOfValues="3">
					<pc:Name>enum3</pc:Name>
					<pc:EnumerationList>
						<pc:Item>ABC</pc:Item>
						<pc:Item>BCD</pc:Item>
						<pc:Item>CDE</pc:Item>
					</pc:EnumerationList>
				</pc:EnumerationParameter>
				<pc:EnumerationParameter optional="true" maxNumberOfValues="3">
					<pc:Name>enum4</pc:Name>
					<pc:EnumerationList>
						<pc:Item>ABC</pc:Item>
						<pc:Item>BCD</pc:Item>
						<pc:Item>CDE</pc:Item>
						<pc:Item>DEF</pc:Item>
					</pc:EnumerationList>
				</pc:EnumerationParameter>
				<pc:EnumerationParameter optional="true" maxNumberOfValues="3">
					<pc:Name>enum5</pc:Name>
					<pc:EnumerationList>
						<pc:Item>ABC</pc:Item>
						<pc:Item>BCD</pc:Item>
						<pc:Item>CDE</pc:Item>
						<pc:Item>DEF</pc:Item>
						<pc:Item>EFG</pc:Item>
					</pc:EnumerationList>
				</pc:EnumerationParameter>
				<pc:EnumerationParameter optional="true" maxNumberOfValues="3">
					<pc:Name>enum6</pc:Name>
					<pc:EnumerationList>
						<pc:Item>ABC</pc:Item>
						<pc:Item>BCD</pc:Item>
						<pc:Item>CDE</pc:Item>
						<pc:Item>DEF</pc:Item>
						<pc:Item>EFG</pc:Item>
						<pc:Item>GHI</pc:Item>
					</pc:EnumerationList>
				</pc:EnumerationParameter>
				<pc:EnumerationParameter optional="true" maxNumberOfValues="3">
					<pc:Name>enum7</pc:Name>
					<pc:EnumerationList>
						<pc:Item>ABC</pc:Item>
						<pc:Item>BCD</pc:Item>
						<pc:Item>CDE</pc:Item>
						<pc:Item>DEF</pc:Item>
						<pc:Item>EFG</pc:Item>
						<pc:Item>CDEf</pc:Item>
						<pc:Item>GHI</pc:Item>
					</pc:EnumerationList>
				</pc:EnumerationParameter>
			</pc:Parameters>
		</pc:Section>
	</pc:Sections>


	<pc:ParametersConfiguratorSummary>
Summary
Lorem ipsum dolor sit amet, consectetur adipiscing elit, sed do eiusmod tempor incididunt ut labore et dolore magna aliqua. Ut enim ad minim veniam, quis nostrud exercitation ullamco laboris nisi ut aliquip ex ea commodo
</pc:ParametersConfiguratorSummary>
</pc:ParametersConfigurator>